Beam_ID,Span_m,UDL_kN_per_m,E_MPa,I_mm4,Z_mm3,fy_MPa,w_N_per_m,E_N_per_m2,I_m4,L,M_max_kNm,deflection_m,deflection_mm
B1,4.5,12,200000,420000000,1800000,275,12000,200000000000.0,0.00042,4.5,30.375,0.0007627650669642857,0.7627650669642857
B2,6.0,18,200000,750000000,2500000,275,18000,200000000000.0,0.00075,6.0,81.0,0.002025,2.025
B3,7.5,15,200000,110000000,3200000,345,15000,200000000000.0,0.00011,7.5,105.46875,0.028090043501420456,28.090043501420457
B4,5.0,10,200000,580000000,2100000,275,10000,200000000000.0,0.00058,5.0,31.25,0.0007015535201149425,0.7015535201149424
B5,8.5,22,200000,180000000,4500000,345,22000,200000000000.0,0.00017999999999999998,8.5,198.6875,0.04153695565682871,41.53695565682871
